1,"2017-04-30 20:59:36","2017-04-30 20:59:36",1,"oEEfHC2id8 0RvdSBZtQg","0kgA2Sq6YB xpRLhgdkduF8I4M","aC8JHXD5Hj D9xA2RIMrO hOWcLXWC0M XKFKd7Jysg"
2,"2017-04-30 20:59:36","2017-04-30 20:59:36",1,"PqVfbQbavk u8DEW01HO0","eCZQF9lh7I 81Q8p3CQTnVIzQW","zTOhdwwZR6 OBl0iTjWZx 7iQ5n4G0WP gHWmjDYfFF"
3,"2017-04-30 20:59:36","2017-04-30 20:59:36",1,"zpqvO4xB1A FRRX2hlS8I","ooIDqNMi8l KmpABzMdBNaQzbv","MLezrMM1Hi oip8NGRohd V8TiEyHr7m soaMNwjUoT"
4,"2017-04-30 20:59:36","2017-04-30 20:59:36",1,"aW4QzXM2VG EmKfWXWRTR","bbmGEa6LDU 1uOyBCSHRlYpxqV","mNy16CuZWz eRUDBOuGGt JTGuW9YqW5 oJBscxKe4d"
5,"2017-04-30 20:59:36","2017-04-30 20:59:36",1,"qhetZZfDdk LXyhuU7cVq","J3QNh85lNi OnJZFRCVPlU3jZW","60PDKbPME5 8idj6NBztz sOe77krJMz 1U9dUOJp3i"
6,"2017-04-30 20:59:36","2017-04-30 20:59:36",1,"xEewD1gqRg E11Pvanotb","HQOFWkhUXS 3kXwnSY9s3xamrm","ps97Epjlvr IGbbu7t1mg MJIQsl0tIx APgU7LSzvV"
7,"2017-04-30 20:59:36","2017-04-30 20:59:36",1,"vPJXn9wQ4B gsjDlCnAmn","0ROz0pFRDg wzYDiuOY08GLxQF","4hADyT5hLJ oQVzwjENrw dWP3XZ6Tky Maj7tdyjlt"
8,"2017-04-30 20:59:36","2017-04-30 20:59:36",1,"fpO6fL9225 vxOjjfHcVH","5BHZDlT5OX aGgpPmhXfhTZ2Bv","zM9SJAyQgX KnX9qlnV1m ztKxLww7Vb sEJG5T0Lwx"
9,"2017-04-30 20:59:36","2017-04-30 20:59:36",1,"8RRsdLFeqz ncvxdTsmAW","3MLvZCUrjO Y6Er9Fk6vQULXYS","aGWy2UGq7V doL4JhCoTq WDEUIQXARu NuEzPM24kN"
10,"2017-04-30 20:59:36","2017-04-30 20:59:36",1,"BanYnyWpyi 2EaCPZSBFi","1OiL61ig6K 2CYgerxz2eKbjP0","ylmsx9QFQs PQyzEBXBFd YhYN79MQ7T ftoIikVwi8"
11,"2017-04-30 20:59:36","2017-04-30 20:59:36",1,"DyVXT14DLH 3QXkZ7JjLh","e4mJEIL0I9 cTWTPYwP8qUElIY","PSD1s0lnv3 F7X2UKQd21 Qu0s5pP3fr dOPscyPvGq"
12,"2017-04-30 20:59:36","2017-04-30 20:59:36",1,"6HdkvZ0CcE kFnnRfhSmR","LEG8lSh0u0 HroL6OvAld97qwY","e31jhSJdzY 3lsTgtx6QG TyF1jNVFC0 nDeMD78cME"
13,"2017-04-30 20:59:36","2017-04-30 20:59:36",1,"R68Q06I2Pq h7ZLj0LwHK","J04y2TorBZ 7hGVn9OFhxMsGBM","9fJKYNEJ60 zRnAuKgDVH NzszM9tEVx TvqkP6iT6L"
14,"2017-04-30 20:59:36","2017-04-30 20:59:36",1,"d9gCymmDsi pikqV2Li9E","kzy5TX9L7o wGQ4lnlldcbDzIX","LdSepNAYPl gLFuqThRJC V8JRGNdEO8 uPmeVyRNS9"
15,"2017-04-30 20:59:36","2017-04-30 20:59:36",1,"MMSgpJG6lU 63joCBV4ZG","leNrSlKIwz FBwzmy0EHYpFT73","1eyL51luNt ELt8J5f62n 9qGNzhNimk w5OoJCw9dB"
16,"2017-04-30 20:59:36","2017-04-30 20:59:36",1,"rvfYCB8BUo zsylnPAIFc","YLZoR2OIMe wZqj8lVwQpeibQj","tuns8hU8t1 ML7ZAkunte 9QWiKqRNmZ xOA17chInw"
17,"2017-04-30 20:59:36","2017-04-30 20:59:36",1,"uXBKyEriGn 47LjDy4jdV","QZL5BsdNSg t2I4Esgb8fhIV9X","kf626AsyNc Pn9JFvEMbA 59enXChJNN S8rwhnLrUh"
18,"2017-04-30 20:59:36","2017-04-30 20:59:36",1,"r06b4PiaHM EuxOj5Kez5","6jW2UFqzik a95FkcERRKXqlcU","VK6I8DOcd5 dfDxBlmyht Yi7Y0dEYMl SxaqD4BrXZ"
19,"2017-04-30 20:59:36","2017-04-30 20:59:36",1,"nPPsWVcDPx WXMdGQ3K7K","gHS8uUBvxu 9JmkW7yWM6rf1PE","0uH10AB8ZD 3NcZoghefn 1RkHwYsAsJ aIgxPhaUVA"
20,"2017-04-30 20:59:36","2017-04-30 20:59:36",1,"YGIZuXjXni SrHPYlnB5o","KEatBu1nTR 6frr9l9Obn6FruE","X20dLswIHS jsohG0O5zx fRToLYTliw 62FV4jbu2M"
21,"2017-04-30 20:59:36","2017-04-30 20:59:36",1,"YWLxMMeOMh Xf141vSwk7","ZpiiLfjd1U JftHvOBiQyc8dzm","lobfQq1SMY yV2hGOkxcD jB7ybBMZsR 6ZQxGhQzJN"
22,"2017-04-30 20:59:36","2017-04-30 20:59:36",1,"yHA94VFxk1 cHwGUruGIq","zByAvEg4Yd VonNdybrSglqz6N","jYlrPZGaD0 3PHlG23Qav b4WD3w3ecT ZBGYKxjNrX"
23,"2017-04-30 20:59:36","2017-04-30 20:59:36",1,"GscCd7AYvx UNgxz5PcSA","97rRPRLwwk o80roe9p3HkDvmb","vu7hZ7k8jA hCZo2lpf0q e2Fdj4NGYY H36myEgrie"
24,"2017-04-30 20:59:36","2017-04-30 20:59:36",1,"86aJOFdVDR 1CEPyuJzx4","zL3LEipYAI C7syxP9RfXD9GIJ","DjqbFZBSvz EQwMQnyOY7 pTuDRdKr1M UrcEuqNQYk"
25,"2017-04-30 20:59:36","2017-04-30 20:59:36",1,"A4reYTO9mU 3sZ1pZFlFh","vtXvIF4A9f W7qmIQd2W3QeAmx","Nn24KPpLtC 068RA4jqyO HlIgP1sPlw NQPfuKZeJB"
26,"2017-04-30 20:59:36","2017-04-30 20:59:36",1,"9ARIbIkkui KdjPXhj1Gq","ZPVQFcQT05 VrbOwIsas0XlZcC","1iggCKoNCe lGjmSze0dY Sht2HXhosu AcKqiVTGjy"
27,"2017-04-30 20:59:36","2017-04-30 20:59:36",1,"BZ7eyBFdk4 axyMsELnd6","SBQRQumgCh SX139ce4X5pdWhk","igqePeMCEs KMkykwNPl6 wxenH5buy6 lNk5Vb8Iia"
28,"2017-04-30 20:59:36","2017-04-30 20:59:36",1,"zt5wg4DBud 3nQ91e5uKz","z5AJS7fCxA frKdOANE9ngzteL","5kMuH9nlmD Sl8A7ZB2ZM OvoP1gLJ7d di6qBa4pNM"
29,"2017-04-30 20:59:36","2017-04-30 20:59:36",1,"6hHHUTnTyQ Q9Btz0iWiD","LDmf4jUsVA xn3g9vQujlxLHRQ","KeClWTYJN4 VfKTxKHHRR 6fMokSWhYL 1zJHncX2iB"
30,"2017-04-30 20:59:36","2017-04-30 20:59:36",1,"RJIsvYDjnq NEH2ZXVmet","5I6dZ6bSYj e5hydjbkzblvEW6","yt0o5Fleok JTRS2iHtO7 tZQJ9Ash0R YpRbpoEKXm"
